{
  "project_info": {
    "project_number": "1054521143127",
    "firebase_url": "https://logisticwizard-6d896.firebaseio.com",
    "project_id": "logisticwizard-6d896",
    "storage_bucket": "logisticwizard-6d896.appspot.com"
  },
  "client": [
    {
      "client_info": {
        "mobilesdk_app_id": "1:1054521143127:android:ed5148d3e5335a49",
        "android_client_info": {
          "package_name": "com.example.jeremy.logisticwizard"
        }
      },
      "oauth_client": [
        {
          "client_id": "1054521143127-c6dkveon8mbk1nk1ttu2garlip5463lj.apps.googleusercontent.com",
          "client_type": 3
        }
      ],
      "api_key": [
        {
          "current_key": "AIzaSyDVcOFxHwQFNSCl8LirB1aXFNr47NpglJ0"
        }
      ],
      "services": {
        "analytics_service": {
          "status": 1
        },
        "appinvite_service": {
          "status": 1,
          "other_platform_oauth_client": []
        },
        "ads_service": {
          "status": 2
        }
      }
    }
  ],
  "configuration_version": "1"
}